fs::DirBuilder::create;
<time::Instant as core::ops::Sub>::sub;
fs::DirBuilder::create_dir_all;recursive
time::SystemTime::duration_since;
time::SystemTime::elapsed;
sys::fs::common::remove_dir_all;
fs::create_dir;
thread::sleep_until;
sys::fs::common::remove_dir_all_recursive;recursive
sys::pal::unix::time::Timespec::sub_timespec;recursive
sys::fs::unix::remove_dir_impl::remove_dir_all_recursive;recursive
time::Instant::duration_since;
sys::pal::unix::time::Instant::checked_sub_instant;
sys::pal::unix::time::SystemTime::sub_time;
time::Instant::saturating_duration_since;
time::Instant::checked_duration_since;
fs::DirBuilder::_create;
fs::create_dir_all;
